id,name,birth_year,birth_city,profession,bio_text
5808,Дочинець Мирослав Іванович,1959.0,м. Хуст Закарпатської обл.,письменник,"(03. 09. 1959, м. Хуст Закарпатської обл.) — письменник, журналіст, видавець. Член АУП (2003), НСПУ (2008). Національна премія України імені Т. Шевченка (2014; за романи «Криничар» та «Горянин»). Премії..."
5812,Драга Микола Арсенійович,1944.0,с. Ліщин Житомир. р-ну Житомир. обл.,графік,"(14. 05. 1944, с. Ліщин Житомир. р-ну Житомир. обл.) – графік. Член НСХУ (1988). Закін. Київський художній інститут (1977; викл. В. Чебаник). Працював 1977–84 інж.-графіком у проект. інституті «Укрдіпроенерго»..."
5813,Драган Мирослав Тарасович,1963.0,с. Лисиничі Пустомитів. р-ну Львів. обл.,піаніст,"(14. 07. 1963, с. Лисиничі Пустомитів. р-ну Львів. обл.) – піаніст, педагог. Син Т. Драгана, чоловік О. Рапіти. Заслужений артист України (2016). Лауреат Міжнар. конкурсу камер. ансамблів «Золота осінь»..."
5817,Драганчук Вікторія Миколаївна,1974.0,Луцьк,музикознавець,"(25. 06. 1974, Луцьк) – музикознавець. Канд. мистецтвознавства (2004). Член НСКУ (2004). Закін. Львів. вищий муз. інститут (1998), аспірантуру при Волин. університеті (2001; кер. Л. Кияновська). Працювала..."
5819,Драгомирецький Василь Володимирович,1973.0,"м. Хоростків Гусятинського, нині Чортківського р-ну Тернопільської обл.",диригент,"(14. 01. 1973, м. Хоростків Гусятинського, нині Чортківського р-ну Тернопільської обл.) — диригент, педагог. Заслужений артист України (2019). Закінчив Вищий музичний інститут у Львові (1998; кл...."
5823,Драйцун Марк  Олексійович,1930.0,"м. Саратов, РФ",художник,"(01. 03. 1930, м. Саратов, РФ) – художник. Член НСКінУ (1967–96). Закін. архіт. факультет Київ. інж.-буд. інституту (1954). Малював для ж. «Піонерія», «Ранок», «Знання та праця», «Барвінок». Від 1961 – художник..."
5826,Дракулі Олександр  Миколайович,1875.0,Україна,співак (бас),"(бл. 1875, Україна – ?) – співак (бас), антрепренер. Закін. Моск. консерваторію (1899). У 1901–02 – соліст Великого театру в Москві, 1903–04 – Київ. опери. Виступав також на опер. сценах Томська (1903),..."
5831,Дранов Гліб  Ілліч,1933.0,Харків,співак (баритон),"(28. 11. 1933, Харків) – співак (баритон), музичний діяч. 3асл. арт. УРСР (1965). Лауреат 1-го Всесоюз. конкурсу вокалістів ім. М. Глінки (Москва, 1960, 4-а премія). Закін. Київську консерваторію (1962; кл. О...."
5833,Драч Ірина  Степанівна,1958.0,Суми,музикознавець,"(09. 07. 1958, Суми) – музикознавець, педагог. Доктор мистецтвознавства (2005). Член НСКУ (1996). Закін. Харків. інститут мистецтв (1982; кл. М. Черкашиної-Губаренко). Відтоді працювала у Сум. пед...."
5834,Драч Олег  Тарасович,1959.0,с. Водяне Пустомитів. р-ну Львів. обл.,актор,"(01. 10. 1959, с. Водяне Пустомитів. р-ну Львів. обл.) – актор, режисер. Заслужений артист України (1997). Премія ім. В. Стуса (1989). Переможець у номінації «Кращий актор» Міжнар. фестивалів «Золотий Лев»..."
5836,Драчов Олександр  Миколайович,1965.0,"м. Перм, РФ",режисер,"(17. 05. 1965, м. Перм, РФ) – режисер. Заслужений діяч мистецтв України (2025). Закін. Харків. інститут культури (1991; викл. В. Лукашов, Ю. Старченко), де й працює від 1993 (з перервами) викл. каф. режисури..."
5837,Драчук Василь  Васильович,1933.0,"с. Кашперівка Баранів. р-ну, нині Житомир. обл.",художник декоративного скла,"(09. 11. 1933, с. Кашперівка Баранів. р-ну, нині Житомир. обл.) – художник декоративного скла. Член НСХУ (1974). Закін. Львів. інститут прикладного та декоративного мистецтва (1971; викл. Д. Крвавич, М...."
5838,Дребот Наталія Володимирівна,1974.0,Рівне,писанкарка,"(08. 09. 1974, Рівне) — писанкарка, майстриня витинанки та створення намиста. Заслужений майстер народної творчості України (2025). Обласні премії імені Г. Леончук (2015), імені Г. Косміаді (2018). Диплом..."
5839,Дреботюк Роман  Васильович,1946.0,"с. Зібранівка Заболотів. р-ну Станіслав. обл., нині Снятин. р-ну Івано-Фр. обл.",мистецтвознавець,"(28. 08. 1946, с. Зібранівка Заболотів. р-ну Станіслав. обл., нині Снятин. р-ну Івано-Фр. обл.) – мистецтвознавець. Член НСХУ (1989). Закін. Інститут живопису, скульптури та архітектури у Ленінграді (нині..."
5840,Древецький Анатолій  Анатолійович,1949.0,"м. Полоцьк Вітеб. обл., Білорусь",скульптор,"(22. 10. 1949, м. Полоцьк Вітеб. обл., Білорусь) – скульптор, графік, живописець і педагог. Член НСХУ (1982). Літ.-мист. премія ім. В. Косовського (2004). Закін. Київський художній інститут (1978; викл. В...."
5848,Дроб’язгіна Валентина  Іванівна,1947.0,Львів,композитор,"(24. 05. 1947, Львів) – композитор, педагог. Член НСКУ (1973). Закін. Харків. інститут мистецтв (1971; кл. В. Борисова), асистентуру-стажування у Київ. консерваторії (1981; кл. М. Скорика). Викл. Ворошиловгр...."
5849,Дроб’язко Борис  Андрійович,1874.0,,живописець,"(23. 07 (04. 08). 1874, с. Таранівка ? Харків. губ. – ?) – живописець. Вільний слухач АМ (1893–1900; викл. П. Ковалевський). Член гуртка місц. художників (1902), Товариства харків. художників (1906). Учасник..."
5851,Дроб’язко Олександр  Іванович,1949.0,"м. Горький, нині Нижній Новгород, РФ",співак (ліричний баритон),"(02. 03. 1949, м. Горький, нині Нижній Новгород, РФ) – співак (ліричний баритон). Заслужений артист УРСР (1978). Закін. Київську консерваторію (1974; кл. І. Колодуб). 1974–75 – соліст Буковин. засл. ансамблю..."
5852,Дробаха Олександр  Іванович,1938.0,"с. Олександрівка Приазов. р-ну, нині Запоріз. обл.",поет,"(25. 08. 1938, с. Олександрівка Приазов. р-ну, нині Запоріз. обл.) – поет, публіцист, краєзнавець, громадсько-політичний діяч. Член НСПУ (1997). Закін. Запоріз. пед. інститут (1960). Учителював на Київщині...."
5853,Дробаха Олександр  Тимофійович,1949.0,с. Оратів Іллінец. р-ну Вінн. обл.,художник декоративного мистецтва,"(02. 01. 1949, с. Оратів Іллінец. р-ну Вінн. обл.) – художник декоративного мистецтва, графік. Член НСХУ (1990), СХ Молдови (1995). Закін. Львів. інститут прикладного та декоративного мистецтва (1979; викл. В...."
5855,Дробиш Валентина  Володимирівна,1948.0,"м. Канів Київ., нині Черкас. обл.",графік і живописець,"(11. 08. 1948, м. Канів Київ., нині Черкас. обл.) – графік і живописець. Член НСХУ (1980). Закін. Київський художній інститут (1975; викл. Р. Кириченко, Т. Лящук, В. Шостя). Працювала 1975–80 оформлювачем..."
5859,Дробот Олена  Іванівна,1948.0,"м. Владивосток, РФ",співачка (колоратурне сопрано),"(26. 04. 1948, м. Владивосток, РФ) – співачка (колоратурне сопрано). Закін. Далекосхід. інститут мистецтв (Владивосток, 1974; кл. А. Жильної). 1974–95 – солістка Новосибір. театру опери та балету (РФ). У..."
5860,Дробот Олександр Артурович,1961.0,"м. Жовті Води, нині Кам’янського р-ну Дніпропетровської обл.",живописець,"(11. 01. 1961, м. Жовті Води, нині Кам’янського р-ну Дніпропетровської обл.) — живописець, графік. Батько А. Ярошевич. Член Мистецької асоціації Криворіжжя (2003—20), НСХУ (2010). Закінчив..."
5862,Дрожжина Наталія Володимирівна,1963.0,м. Макіївка Донецької обл.,естрадна співачка,"(08. 09. 1963, м. Макіївка Донецької обл.) — естрадна співачка, педагог. Кандидат мистецтвознавства (2008), доцент (2010). Заслужений діяч мистецтв України (2025). Закінчила Харківський інститут мистецтв..."
5865,Дрозд Георгій  Іванович,1941.0,Київ,актор,"(28. 05. 1941, Київ) – актор. Народний артист України (1999). Член НСКінУ (1987). Закін. Київ. інститут театр. мистецтва (1963). Працював в Одес. рос. драм. театрі ім. А. Іванова (1963–78), Ризькому театрі рос...."
5866,Дроздова Олена  Сергіївна,1939.0,Київ,живописець,"(15. 10. 1939, Київ) – живописець. Член НСХУ (1976). Закін. Київський художній інститут (1963; викл. С. Григор’єв, Г. Меліхов). Працювала 1963–89 викл. Київ. худож. школи. Учасниця міських, всеукр. мистецьких..."
5869,Дроздовський Петро  Михайлович,1957.0,с. Озерна Білоцерків. р-ну Київ. обл.,скульптор,"(06. 06. 1957, с. Озерна Білоцерків. р-ну Київ. обл.) – скульптор. Член НСХУ (1988). Закін. Харків. худож.-пром. інститут (1981; викл. В. Воловик). На творчій роботі. Учасник всеукр., міжнар. мистецьких..."
5872,Друганов Олександр  Павлович,1961.0,"м. Північнодвінськ Архангел. обл., РФ",графік,"(02. 04. 1961, м. Північнодвінськ Архангел. обл., РФ) – графік, живописець і дизайнер. Член НСХУ (1989). Закін. Київський художній інститут (1989; викл. Т. Лящук, А. Чебикін). Відтоді працював у ньому (згодом..."
5875,Дружинін Валентин  Степанович,1951.0,"с-ще Кизил-Су Красновод. обл., Туркменістан",графік,"(23. 02. 1951, с-ще Кизил-Су Красновод. обл., Туркменістан) – графік. Заслужений художник України (2001). Ґран-Прі «Золота рибка» Всесоюз. конкурсу «Бурштиновий олівець» (1986, Калінінград, РФ), золота..."
5877,Дружко Марія  Олександрівна,1983.0,смт Карнаухівка Дніпродзержин. р-ну Дніпроп. обл.,поетеса,"(01. 03. 1983, смт Карнаухівка Дніпродзержин. р-ну Дніпроп. обл.) – поетеса. Член НСПУ (2003). Закін. Дніпроп. університет (2005). Від 2000 працює на Дніпродзержин. підприємстві Укр. товариства сліпих. Від..."
5878,Друзяка В’ячеслав  Михайлович,1940.0,"с. Станіслав Білозер. р-ну Микол., нині Херсон. обл.",поет,"(16. 05. 1940, с. Станіслав Білозер. р-ну Микол., нині Херсон. обл.) – поет. Член НСПУ (1999). Закін. Київську консерваторію (1968). Викладав 1970–72 у Микол. культ.-осв. училищі та пед. інституті; 1972–76 –..."
5881,Друль Ганна  Йосипівна,1960.0,м. Червоноград Львів. обл.,художниця декоративної кераміки,"(22. 09. 1960, м. Червоноград Львів. обл.) – художниця декоративної кераміки. Обласна мистецька премія ім. З. Флінти (1988). Ґран-Прі Всеукраїнського симпозіуму кераміки (селище Опішня Зіньківського..."
5884,Дрюченко Юрій  Петрович,1954.0,Київ,графік,"(28. 02. 1954, Київ) – графік. Член НСХУ (1999). Закін. Київський художній інститут (1979; викл. О. Ворона, К. Шостя). Від 1980 – на Київ. комбінаті монум.-декор. мистецтва; у Київ. міській адміністрації..."
5885,Дрючило Анатолій  Васильович,1956.0,с. Щербинівка Золотоніс. р-ну Черкас. обл.,дизайнер і живописець,"(30. 11. 1956, с. Щербинівка Золотоніс. р-ну Черкас. обл.) – дизайнер і живописець. Син В. Дрючила. Член СХ РФ. Закін. Київ. худож.-пром. технікум (1976), Ленінгр. вище худож.-пром. училище (1981). Від 1976 живе у..."
5888,Дрямін Олег  Йосипович,1956.0,"м. Сарапул, Удмуртія, РФ",поет,"(24. 10. 1956, м. Сарапул, Удмуртія, РФ) – поет. Член НСПУ (1997). Освіта середня. Після служби в армії залишився в Одесі. Друкується від 1974. Пише російською мовою. Автор поет. зб. «Сиреневая роща» (1991),..."
5891,Дуб Олена Олександрівна,1982.0,Львів,поетеса,"(11. 08. 1982, Львів) — поетеса. Членкиня НСПУ (2003). Лауреатка літературного конкурсу імені М. Давидовської (1999). Закінчила Львівський університет (2004). Працювала у «Львівській газеті»,..."
5892,Дубенюк Наталія  Василівна,1953.0,Київ,графік,"(02. 09. 1953, Київ) – графік, живописець і видавець. Член НСЖУ (1991). Закін. Київський художній інститут (1985; викл. Т. Лящук). На творчій роботі. Головний редактор журналу «Ярмарок» (1995–2003); від 2003 –..."
5893,Дубиківський Михайло  Михайлович,1954.0,с. Ріжки Таращан. р-ну Київ. обл.,співак (тенор),"(29. 01. 1954, с. Ріжки Таращан. р-ну Київ. обл.) – співак (тенор), музичний діяч і педагог. Заслужений діяч мистецтв України (2002). Закін. Одес. консерваторію (1981; кл. вокалу М. Огренича). Працював у..."
5896,Дубина Микола Миколайович,1960.0,Київ,літературознавець,"(19. 09. 1960, Київ) – літературознавець. Син М. Дубини. Доктор філологічних наук (1997). Закін. Київський університет (1982). Працював ст. н. с. Держ. музею Т. Шевченка (1985–86). Від 1986 – у Київ. університеті..."
5899,Дубинін Іван Іванович,1952.0,"с. Оріхове Попаснян. р-ну, нині Луган. обл.",письменник,"(09. 09. 1952, с. Оріхове Попаснян. р-ну, нині Луган. обл.) – письменник. Член НСПУ (2004). Закін. Ворошиловгр. мед. інститут (1982). Працює за фахом. Дебютував як поет у г. «Труд горняка» (м. Брянка..."
5901,Дубинін Костянтин Михайлович,1935.0,Баку,режисер,"(05. 09. 1935, Баку) – режисер, актор, педагог. Заслужений діяч мистецтв РРФСР (1985). Закін. театр. училище при Малому театрі (1957; майстерня В. Пашенної), Вищі режисер. курси при Держ. інституті театр...."
5902,Дубинін Юрій Олексійович,1962.0,Ашґабат,живописець і графік,"(07. 04. 1962, Ашґабат) – живописець і графік. Заслужений художник України (2016). Член НСХУ (1993). Закін. Моск. худож. інститут (1992; майстерня О. Савостюка). Працював у Житомирі: 1993–2001 на худож.-вироб...."
5904,Дубинський Михайло Хаймович,1877.0,,архітектор,(1877 – ?) – архітектор. Закін. АМ у С.-Петербурзі (1904) і за проект палацу намісника Імператор. Величності на Далекому Сході отримав звання художника-архітектора. Брав участь у конкурсах на...
5907,Дубич Тетяна Андріївна,1959.0,м. Бережани Терноп. обл.,майстриня художньої вишивки і писанкарка,"(12. 09. 1959, м. Бережани Терноп. обл.) – майстриня художньої вишивки і писанкарка. Дочка М. Гарап’юк. Дипломи і премії обл. та респ. виставок нар. творчості (1996–97, 2000, 2002). Член НСМНМУ (2002). Закін...."
5913,Дубовик Вікторія Степанівна,1956.0,Львів,художниця декоративного текстилю,"(21. 04. 1956, Львів) – художниця декоративного текстилю. Член НСХУ (1993). Закін. Львів. інститут прикладного та декоративного мистецтва (1979; викл. І. Боднар, В. Манастирський, М. Токар). Працювала..."
5916,Дубовик Олександр Михайлович,1931.0,Київ,живописець,"(01. 08. 1931, Київ) – живописець, графік і монументаліст. Син М. Дубовика. Член НСХУ (1958). Почес. чл. НАМУ (2009). Відзнака Президента України «Національна легенда України» (2024). Закін. Київський..."
5924,Дубрівна Антоніна Петрівна,1973.0,Київ,живописець,"(05. 12. 1973, Київ) – живописець. Дочка П. Боднара. Член НСХУ (2003). Закін. Академію образотвор. мистецтва і архітектури (Київ, 1998; майстерня В. Гуріна). Від 2000 – старший викладач кафедри рисунка та..."
5931,Дубровський Олександр Олексійович,1949.0,с. Оринин Кам’янець-Поділ. р-ну Хмельн. обл.,живописець,"(10. 06. 1949, с. Оринин Кам’янець-Поділ. р-ну Хмельн. обл.) – живописець. Член НСХУ (1987). Закін. Харків. художнє училище (1969; викл. К. Таньпетер). На творчій роботі. Учасник респ., всесоюз. і зарубіж...."
5932,Дубровський Олександр Полікарпович,1938.0,м. Лебедин Сум. обл.,живописець,"(08. 03. 1938, м. Лебедин Сум. обл.) – живописець. Закін. Одес. художнє училище (1963; викл. І. Логвин), навч. як вільний слухач в Інституті живопису, скульптури та архітектури у Ленінграді (нині..."
5933,Дубцов Геннадій Дмитрович,1937.0,"м. Перм, РФ",графік і живописець,"(18. 03. 1937, м. Перм, РФ) – графік і живописець. Чоловік С. Дубцової. Член НСХУ (1989–2003). Закін. Моск. полігр. інститут (1972; викл. Б. Басов, А. Вавилін, О. Гончаров). Працював 1977–82 гол. художником м. Кривий..."
5934,Дубцова Світлана Михайлівна,1944.0,"с. Велике Шереметьєво Тамбов. обл., РФ",графік і живописець,"(15. 01. 1944, с. Велике Шереметьєво Тамбов. обл., РФ) – графік і живописець. Дружина Г. Дубцова. 2-а премія Всесоюз. конкурсу малюнку (Москва, 1959). Член НСХУ (1978–2003). Закін. Моск. полігр. інститут (1972;..."
5936,Дувірак Валерій Григорович,1951.0,"м. Коломия Станіслав., нині Івано-Фр. обл.",художник-монументаліст і живописець,"(09. 07. 1951, м. Коломия Станіслав., нині Івано-Фр. обл.) – художник-монументаліст і живописець. Чоловік Х. Дувірак. Член НСХУ (1989). Закін. Львів. інститут прикладного та декоративного мистецтва (1979;..."
5937,Дувірак Даґмара Андріївна,1952.0,с. Тутовичі Сарнен. р-ну Рівнен. обл.,музикознавець,"(13. 12. 1952, с. Тутовичі Сарнен. р-ну Рівнен. обл.) – музикознавець. Сестра А. Дувіряка. Доктор мистецтвознавства (2005). Член НСКУ (1993). Закін. Львів. консерваторію (1976; кл. Л. Баб’юк-Коссак, С...."
5938,Дугаєва Тетяна Ігорівна,1945.0,Кіровоград,мистецтвознавець,"(12. 10. 1945, Кіровоград) – мистецтвознавець. Обл. літ.-мист. премія ім. С. Воробкевича (2003). Член НСХУ (1989). Закін. Львівський університет (1968). Працювала н. с., завідувач відділу Львів. картин. галереї..."
5942,Дуда Володимир Іванович,1948.0,Львів,скрипаль,"(28. 07. 1948, Львів) – скрипаль. Заслужений артист УРСР (1989). Орден «За заслуги» 3-го ступеня (2009). Закін. Львів. консерваторію (1971; викл. О. Вайсфельд). Від 1969 (з перервою) – у Львів. філармонії: арт.,..."
5944,Дуда Мирон Іванович,1944.0,с. Тучне Перемишлян. р-ну Львів. обл.,хоровий диригент,"(10. 10. 1944, с. Тучне Перемишлян. р-ну Львів. обл.) – хоровий диригент. Заслужений діяч мистецтв України (1989). Закін. Львів. консерваторію (1983; кл. І. Небожинського). 1968–71 – худож. кер., диригент нар...."
5946,Дудар Василь Вікторович,1945.0,с. Розаліївка Білоцерків. р-ну Київ. обл.,співак (бас),"(01. 01. 1945, с. Розаліївка Білоцерків. р-ну Київ. обл.) – співак (бас), педагог. Заслужений артист України (1993). Закін. Львів. консерваторію (1973; кл. О. Дарчука). 1973–81, від 1985 – соліст Львів. театру..."
5948,Дудар Євген Михайлович,1933.0,"с. Озерна, нині Зборівського р-ну Тернопільської обл.",прозаїк-сатирик,"(24. 01. 1933, с. Озерна, нині Зборівського р-ну Тернопільської обл.) – прозаїк-сатирик, артист розмовного жанру. Член НСПУ (1973). Заслужений діяч мистецтв України (1993). Літературна премія імені..."
5951,Дуденко Світлана Іванівна,1957.0,"м. Єсентуки Краснодар. краю, РФ",дизайнер,"(06. 06. 1957, м. Єсентуки Краснодар. краю, РФ) – дизайнер. Заслужений діяч мистецтв України (2006). Кандидат технічних наук (1986). Член Спілки дизайнерів України (1997), НСХУ (1999). Закін. Харків. інститут..."
5952,Дудич Андрій,1952.0,"м. Вроцлав, Польща",співак (баритон),"(25. 10. 1952, м. Вроцлав, Польща) – співак (баритон). Лауреат вокал. конкурсів ім. Я. Кепури (м. Криниця, 1979), ім. А. Дідура (м. Катовіце, 1980; обидва – 3-я премія). Вокал. освіту здобув в Університеті м...."
5954,Дудін В’ячеслав Вікторович,1949.0,"м. Горький, нині Нижній Новгород, РФ",художник декоративної кераміки та скла,"(25. 08. 1949, м. Горький, нині Нижній Новгород, РФ) – художник декоративної кераміки та скла. Заслужений художник України (1992). Бронз. (1984) та срібна (1987) медалі ВДНГ СРСР. Член НСХУ (1980). Закін...."
5957,Дудка Світлана-Роксолана Олександрівна,1990.0,Полтава,мистецтвознавець,"(30. 03. 1990, Полтава) — мистецтвознавець, майстер декоративного живопису. Кандидат мистецтвознавства (2019). Член НСМНМУ (2017). Закінчила Київський університет культури і мистецтв (2012). Працювала..."
5960,Дудка Олександр Федорович,1948.0,Київ,співак (баритон),"(24. 01. 1948, Київ) – співак (баритон), композитор. Заслужений артист України (1997). Закін. Київську консерваторію (1979; кл. Р. Разумової, В. Третяка), при якій співав у ансамблі «Рідні наспіви». 1980–95 –..."
5962,Дудкін Іван  Федотович,1937.0,"с. Великі Копані Цюрупин. р-ну, нині Херсон. обл.",фотохудожник і мандрівник,"(18. 09. 1937, с. Великі Копані Цюрупин. р-ну, нині Херсон. обл.) – фотохудожник і мандрівник. Член Національної спілки фотохудожників України (1993, від 2008 – голова), НСЖУ (1998). Закін. Київський..."
5963,Дудкін Олександр Володимирович,1952.0,"м. Калач Воронез. обл., РФ",графік,"(09. 02. 1952, м. Калач Воронез. обл., РФ) – графік. Диплом Респ. конкурсу за кращий політ. плакат (Київ, 1989). Член НСХУ (1992). Закін. Харків. худож.-пром. інститут (1984; викл. А. Константинопольський, О...."
5967,Дудник Володимир Миколайович,1959.0,м. Ізмаїл Одеської обл.,живописець,"(12. 02. 1959, м. Ізмаїл Одеської обл.) — живописець, графік. Член НСХУ (2008). Закінчив Одеське художнє училище (1978; викладачі Т. Єгорова, А. Лоза, В. Філіпенко). Відтоді працював в Ізмаїльській дитячій..."
5968,Дудник Валерій Миколайович,1939.0,с. Божедарівка Криничан. р-ну Дніпроп. обл.,актор,"(06. 05. 1939, с. Божедарівка Криничан. р-ну Дніпроп. обл.) – актор, педагог. Народний артист України (2010). Закін. Київ. інститут театр. мистецтва (1961; викл. В. Неллі). Працював у Хмельн. укр. муз.-драм...."
5969,Дудник Микола Григорович,1938.0,"смт Вільшани Деркачів., нині Дергачів. р-ну Харків. обл.",актор,"(13. 11. 1938, смт Вільшани Деркачів., нині Дергачів. р-ну Харків. обл.) – актор. Заслужений артист України (2007). Закін. Харків. інститут мистецтв (1965; кл. О. Глаголіна). Арт. Полтав. ім. М. Гоголя (1965–68,..."
5973,Дудченко Андрій  Миколайович,1983.0,"м. Євпаторія, АР Крим",живописець,"(02. 08. 1983, м. Євпаторія, АР Крим) – живописець. Син М. Дудченка. 1-а премія Всеукр. конкурсу малюнка «Сріб. штрих» (Луганськ, 2003). Закін. Крим. художнє училище (Сімферополь, 2003; викл. Т...."
5974,Дудченко Микола Якович,1949.0,с. Улянівка Скадов. р-ну Херсон. обл.,живописець і графік,"(14. 08. 1949, с. Улянівка Скадов. р-ну Херсон. обл.) – живописець і графік. Батько А. Дудченка, чоловік О. Молчанової. Член НСХУ (1978). Закін. Харків. худож.-пром. інститут (1972; викл. Є. Биков, О...."
5975,Дужа Катерина Григорівна,1942.0,с. Риків Козелец. р-ну Черніг. обл.,письменниця,"(15. 12. 1942, с. Риків Козелец. р-ну Черніг. обл.) – письменниця. Член НСПУ (1994). Закін. Черніг. пед. інститут (1969). Учителювала; очолювала відділ листування козелец. рай. г. «Новини Придесення» (1991–92)...."
5980,Дульфан Люсьєн Веніамінович,1942.0,"Фрунзе, нині Бішкек",живописець,"(14. 11. 1942, Фрунзе, нині Бішкек) – живописець. Член НСХУ (1973–2002). Закін. Одес. художнє училище (1963; викл. Д. Фруміна). На творчій роботі. Учасник респ., всесоюз., зарубіж. мистецьких виставок від 1964...."
5981,Дума Вільям-Фредерік,1936.0,"м. Калґарі, провінція Альберта, Канада",художник,"(20. 10. 1936, м. Калґарі, провінція Альберта, Канада) – художник. Член Королів. Канад. АМ (1995). Закін. Альберт. коледж мистецтв (1962), подорожував і навч. у Європі 1962–63. Персон. виставки – в Альберті..."
5982,Дума Людмила Степанівна,1959.0,Львів,композиторка,"(03. 02. 1959, Львів) – композиторка, музикознавець, педагог. Член НСКУ (1989). Закін. Львів. консерваторію (1983, кл. композиції В. Флиса; 1984, кл. фортепіано М. Кушніра), асистентуру в Ленінгр...."
5984,Думанська Оксана Іванівна,1951.0,с. Локня Кролевец. р-ну Сум. обл.,прозаїк,"(25. 01. 1951, с. Локня Кролевец. р-ну Сум. обл.) – прозаїк, публіцист. Член НСПУ (2004). Літ. премії ім. Д. Нитченка (2004) та ім. Ірини Вільде (2007). Закін. Київський університет (1973). Працювала у ред. часописів..."
5985,Думанська Ольга Ігорівна,1963.0,Київ,графік і живописець,"(25. 11. 1963, Київ) – графік і живописець. Онука А. Думанського. Член НСХУ (1999). Закін. Київ. політех. інститут (1994; викл. Б. Валуєнко, О. Мікловда, В. Перевальський, Ф. Юр’єв). Працювала 1979–84 у твор...."
5987,Думич Петро Карлович,1935.0,"с. Поляна, нині Микол. р-ну Львів. обл.",художник декоративного скла,"(11. 04. 1935, с. Поляна, нині Микол. р-ну Львів. обл.) – художник декоративного скла. Член НСХУ (1973). Освіта середня. Працював 1953–61 на склороб. підприємствах Львова, від 1963 – на Львів...."
5995,Дуненко Артур Вікторович,1934.0,"м. Енгельс, нині Саратов. обл., РФ",графік і живописець,"(01. 11. 1934, м. Енгельс, нині Саратов. обл., РФ) – графік і живописець. Член НСХУ (1971). Закін. Укр. полігр. інститут у Львові (1968; викл. В. Бунов, В. Овчинников). Працював 1971–93 оформлювачем у Львів...."
5996,Дунець Святослав Богданович,1973.0,"м. Бучач, нині Чортківського р-ну Тернопільської обл.",хоровий диригент,"(15. 07. 1973, м. Бучач, нині Чортківського р-ну Тернопільської обл.) — хоровий диригент, педагог. Заслужений артист України (2009). Лауреат Всеукраїнського конкурсу хорових диригентів (Київ, 2001),..."
5998,Дуплій Сергій Олександрович,1958.0,с. Сидорівка Корсунь-Шевченків. р-ну Черкас. обл.,живописець,"(07. 08. 1958, с. Сидорівка Корсунь-Шевченків. р-ну Черкас. обл.) – живописець. Заслужений художник України (2018). Член НСХУ (2000). Закін. Київський інститут фізичної культури (1980). Учителював; викл...."
5999,Дуплій Оксана Олегівна,1989.0,Черкаси,письменниця,"(18. 02. 1989, Черкаси) — письменниця. Членкиня НСПУ (2014). Закінчила Черкаський університет (2011), Канівське училище культури і мистецтв (Черкаська обл., 2012). Працює бібліотекарем у Черкасах. Улюблена..."
6001,Дурда Богдана Йосипівна,1940.0,м. Бучач Терноп. обл.,художниця,"(24. 05. 1940, м. Бучач Терноп. обл.) – художниця, поетеса. Закін. Львів. політех. інститут (1965), Моск. заоч. університет мистецтв (1991; викл. І. Алентєва, Н. Дев’ятаєва). Працювала на виробництві (1965–96),..."
6003,Дурманов Володимир Юрійович,1949.0,Львів,архітектор,"(07. 05. 1949, Львів) – архітектор. Доктор архітектури (1993), професор (1995). Член-кореспондент Укр. академії архітектури (1992). Член НСАУ (1994). Закін. Львів. політех. інститут (1972), де й працює відтоді..."
6005,Дурсенєва Олександра Леонідівна,1964.0,Харків,співачка (мецо-сопрано),"(26. 02. 1964, Харків) – співачка (мецо-сопрано). Дочка Л. Попової. Лауреатка Міжнар. конкурсів вокалістів ім. М. Глінки (1993, 2-а премія), камер. співу «Янтарний соловей» (1994, 1-а премія; обидва –..."
6006,Дурунда Андрій Ілліч,1956.0,с. Рекіти Міжгір. р-ну Закарп. обл.,прозаїк,"(05. 11. 1956, с. Рекіти Міжгір. р-ну Закарп. обл.) – прозаїк, публіцист. Член НСПУ (1993). Обл. літ. премія ім. Ф. Потушняка (1999), міжнар. літ. премія ім. Б. Лепкого (2004). Закін. Ужгород. університет (1979)...."
6013,Духнич Тарас Ількович,1945.0,с. Наконечне Яворів. р-ну Львів. обл.,співак (ліричний тенор),"(14. 02. 1945, с. Наконечне Яворів. р-ну Львів. обл.) – співак (ліричний тенор), трубач. Заслужений артист України (1999). Член Нац. всеукр. муз. спілки (1977–92). 1-а премія Респ. конкурсу молодих виконавців..."
6017,Духота Василь Іванович,1926.0,"с. Старі Петрівці Димер., нині Вишгород. р-ну Київ. обл.",художник декоративної кераміки,"(10. 01. 1926, с. Старі Петрівці Димер., нині Вишгород. р-ну Київ. обл.) – художник декоративної кераміки. Учасник 2-ї світової війни. Бойові нагороди. Закін. Київ. училище декор.-приклад. мистецтва..."
6018,Душечкін Ігор Юрійович,1954.0,Київ,художник-монументаліст,"(06. 08. 1954, Київ) – художник-монументаліст, скульптор, сценограф, графік і живописець. Член НСХУ (2000). Закін. Київський художній інститут (1980; майстерня Д. Лідера). Працював 1980–90 на Київ...."
6019,Душин Юрій Олексійович,1955.0,м. Мелітополь Запоріз. обл.,живописець,"(20. 06. 1955, м. Мелітополь Запоріз. обл.) – живописець. Член НСХУ (1989). Закін. Крим. художнє училище (Сімферополь, 1975; викл. Ю. Вихлянцев, О. Киреєва, С. Моргун). Працював 1978–98 на Запоріз. худож.-вироб...."
6024,Дьокіна Ольга  Борисівна,1952.0,Одеса,живописець,"(09. 01. 1952, Одеса) – живописець. 1-а премія Міжнар. бієнале мистецтв (Одеса, 1997). Член НСХУ (1992). Закін. Одес. пед. інститут (1977; викл. І. Логвин, О. Письмиченко, Б. Рум’янцев). Відтоді – викладач..."
6025,Дьомін Микола Володимирович,1950.0,Луцьк,живописець,"(24. 09. 1950, Луцьк) – живописець, мистецтвознавець і письменник. Член НСХУ (2008). Закін. Київський художній інститут (1981; викл. В. Забашта, А. Пламеницький, В. Шаталін). Відтоді працював..."
6026,Дьомін Микола Мефодійович,1931.0,Київ,архітектор,"(15. 09. 1931, Київ) – архітектор. Син М. Дьоміна. Доктор архітектури (1988), професор (1990). Нар. арх. України (2011). Дійс. чл.-засн. (1992), віце-президент (1997) Укр. академії архітектури, член-кореспондент АМУ..."
6027,Дьомін Сергій Петрович,1956.0,"м. Таганрог Ростов. обл., РФ",співак (баритон),"(05. 07. 1956, м. Таганрог Ростов. обл., РФ) – співак (баритон), педагог. Народний артист України (2016). Орден «За заслуги» 3-го ступеня (2009). Член Нац. всеукр. муз. спілки (1990). Закін. Кіровогр. пед...."
6028,Дюговська Галина Володимирівна,1962.0,Київ,художниця декоративного мистецтва,"(28. 10. 1962, Київ) – художниця декоративного мистецтва. Дружина В. Балибердіна. Член Спілки дизайнерів України (2003), НСХУ (2008). Диплом 1-го всеукр. трієнале худож. текстилю (Київ, 2004). Закін. Київ...."
6031,Дюпон Юліан Людвиґович,1872.0,,архітектор,"(1872 – ?) – архітектор. Закін. Одес. рисувал. школу Товариства заохочення красних мистецтв, С.-Петербур. АМ (1901). Звання художника-архітектора за проект міської думи в С.-Петербурзі...."
6034,Дядюра Микола Володимирович,1961.0,Київ,диригент,"(05. 08. 1961, Київ) – диригент. Народний артист України (2008). Спец. приз Міжнар. конкурсу диригентів у Токіо (1988). Орден «За заслуги» 3-го ступеня (2003). Закін. Київ. 
муз. училище ім. Р. Ґлієра (1980), Київ...."
6036,Дядюшенко В’ячеслав Степанович,1948.0,"м. Золотоноша, нині Черкас. обл.",архітектор,"(09. 06. 1948, м. Золотоноша, нині Черкас. обл.) – архітектор. Заслужений архітектор України (2002). Закін. Київський художній інститут (1973, майстерня Є. Катоніна). Працював 1970–73 в Укр. спеціаліз...."
6039,Дяков Володимир Семенович,1944.0,"м. Воронеж, РФ",актор,"(24. 08. 1944, м. Воронеж, РФ) – актор. Заслужений артист України (1995). Закін. Харків. інститут мистецтв (1967; викл. В. Чистякова). Відтоді до 1979 – актор Кіровогр. ім. М. Кропивницького, від 1979 – Рівнен...."
6041,Дяконов Валерій Ігорович,1950.0,Київ,скульптор,"(05. 03. 1950, Київ) – скульптор. Член НСХУ (2003). Закін. Київський художній інститут (1979; викл. М. Вронський, І. Макогон). Від 1980 працював у Худож. фонді НСХУ (Київ). Нині на творчій роботі. Учасник..."
6044,Дяченко Валентина Олексіївна,1931.0,"м. Селидове Сталін., нині Донец. обл.",скульпторка,"(20. 12. 1931, м. Селидове Сталін., нині Донец. обл.) – скульпторка. Дружина І. Дяченка, мати О. Дяченка та О. Дяченко-Цах. Член НСХУ (1963). Закін. Київський художній інститут (1959; викл. М. Вронський, І...."
6047,Дяченко Владислава Василівна,1972.0,Херсон,мистецтвознавець,"(24. 02. 1972, Херсон) – мистецтвознавець. Дружина С. Дяченка. Член НСХУ (2005). Закін. Укр. АМ (Київ, 1997). Від 1991 працює у Херсон. ХМ: н. с. наук.-експозиц. відділу, від 2005 – вчений секр.; водночас 2001–04 –..."
6050,Дяченко Ілля Олександрович,1925.0,"с. Юшківці Оратів. р-ну, нині Вінн. обл.",скульптор,"(02. 08. 1925, с. Юшківці Оратів. р-ну, нині Вінн. обл.) – скульптор. Чоловік В. Дяченко, батько О. Дяченка та О. Дяченко-Цах. Член НСХУ (1965). Закін. Київ. училище приклад. мистецтва (1951; викл. Д. Головко, Г...."
6053,Дяченко Лідія  Миколаївна,1966.0,с. Веселинівка Баришів. р-ну Київ. обл.,письменниця,"(15. 02. 1966, с. Веселинівка Баришів. р-ну Київ. обл.) – письменниця. Член НСПУ (2005). Навч. у Київ. університеті (1990–94). Дебютувала 1979 у рай. г. «Баришівські вісті». Авторка зб. поезії «Я малюю» (2000),..."
6056,Дяченко Олександр Ілліч,1956.0,Київ,скульптор,"(10. 01. 1956, Київ) – скульптор. Син Іллі та Валентини Дяченків, брат О. Дяченко-Цах. 2-а премія Всесоюз. виставки «Молодість країни» (1987), 1-а премія бієнале «Відродження» (Львів, 1991). Член НСХУ (1987)...."
6057,Дяченко Олександр Миколайович,1954.0,"м. Горлівка Сталін., нині Донец. обл.",співак (ліричний тенор),"(14. 10. 1954, м. Горлівка Сталін., нині Донец. обл.) – співак (ліричний тенор). Народний артист України (1996). Орден «За заслуги» 3-го (2001) і 2-го (2008) ступ. Закін. Київську консерваторію (1983; кл. В...."
6058,Дяченко Олександр Миколайович,1962.0,м. Слов’янськ Донец. обл.,диригент,"(15. 09. 1962, м. Слов’янськ Донец. обл.) – диригент. Заслужений діяч мистецтв України (2002). Закін. Донец. (1986; кл. баяна В. Протопопова) та Київ. (1994; кл. диригування Є. Дущенка) консерваторії. 1981–86 –..."
6061,Дяченко Сергій Андрійович,1971.0,Херсон,архітектор,"(31. 03. 1971, Херсон) – архітектор. Чоловік В. Дяченко. Член НСАУ (2008). За-
кін. Одес. академію будівництва і архітектури (1994). Працює від 1998 у Херсон. обл. краєзнав. музеї: від 2000 – старший науковий..."
6062,Дяченко Тамара Митрофанівна,1949.0,Севастополь,письменниця,"(05. 03. 1949, Севастополь) – письменниця. Член НСПУ (1994). Закін. Далекосхід. університет (м. Владивосток, РФ, 1981). Працювала 1986–92 зав. б-ки військ. частини; 1992–2003 – ст. ред. Севастоп. регіон...."
6063,Дяченко Юлія,1912.0,"с. Мар’їнка, нині місто Донец. обл.",художниця,"(1912, с. Мар’їнка, нині місто Донец. обл. – ?) – художниця. Навч. у Київ. худож. інституті (1930–36; викл. Ф. Кричевський). 1941–44 працювала у с. Космач Косів. чи Богородчан. р-ну Станіслав., нині..."
6064,Дяченко-Кочман Олександра Іванівна,1934.0,"м. Горлівка, нині Донец. обл.",мистецтвознавець і художниця,"(31. 01. 1934, м. Горлівка, нині Донец. обл.) – мистецтвознавець і художниця. Закін. Інститут технології моди у Нью-Йорку (1961). Навч. у Нью-Йорк. університеті (1963–64). Від 1966 – у Чикаґо. Закін. Пн.-Сх...."
6067,Дячкова  Олена Анатоліївна,1969.0,Луганськ,музикознавець,"(09. 01. 1969, Луганськ) – музикознавець. Канд. мистецтвознавства (2000), доцент (2003). Член НСКУ (2001). Закін. Київську консерваторію (1993; кл. О. Зінькевич), де й працює від 1999 (нині Нац. муз. академія..."
6068,Дячок Оксана Миронівна,1963.0,Тернопіль,архітектор,"(11. 03. 1963, Тернопіль) — архітектор. Доктор архітектури (2021). Закінчила Львівський політехнічний інститут (1985). Відтоді працювала у Тернопільському педагогічному університеті: від 2022 —..."
6069,Дячук-Ставицький Левко  Михайлович,1942.0,Тернопіль,піаніст,"(13. 01. 1942, Тернопіль) – піаніст, педагог. Заслужений артист України (1996). Закін. Львів. консерваторію (1968; викл. О. Криштальський). Від 1966 – соліст і концертмейстер Луган. філармонії; водночас від..."
6070,Дячун Володимир Кирилович,1947.0,"с. Лозова Великобірків., нині Терноп. р-ну Терноп. обл.",поет,"(20. 02. 1947, с. Лозова Великобірків., нині Терноп. р-ну Терноп. обл.) – поет. Член НСПУ (2001). Закін. Львів. політех. інститут (1970). Працював інж.-конструктором Терноп. технол. інституту машинобудування..."
6076,Едемова Уріє,1938.0,"Байдарська долина, нині тер. Балаклав. р-ну, АР Крим",кримськотатарська письменниця,"(23. 04. 1938,  Байдарська долина, нині тер. Балаклав. р-ну, АР Крим) – кримськотатарська письменниця, перекладач. Член СП СРСР (1975), НСПУ (1993). Закін. факультет журналістики Ташкент. університету (1975)...."
6078,Ейвас Лариса Феліксівна,1961.0,м. Кривий Ріг Дніпропетровської обл.,мистецтвознавець,"(12. 11. 1961, м. Кривий Ріг Дніпропетровської обл.) — мистецтвознавець. Кандидат педагогічних наук (2017), доцент (2019). Членкиня Спілки дизайнерів України (2008). Закінчила художньо-графічний факультет..."
6079,Ейдельман Йосип Лазарович,1931.0,"с. Миньківці, нині Дунаєвец. р-ну Хмельн. обл.",художник монументально-декоративного мистецтва і живописець,"(20. 12. 1931, с. Миньківці, нині Дунаєвец. р-ну Хмельн. обл.) – художник монументально-декоративного мистецтва і живописець. Закін. Львів. інститут прикладного та декоративного мистецтва (1958; викл...."
6084,Ейсмонт Володимир Борисович,1972.0,м. Кременчук Полтав. обл.,письменник,"(17. 06. 1972, м. Кременчук Полтав. обл.) – письменник. Член НСПУ (2003). Закін. істор. факультет Полтав. пед. інституту (1997). Працював у ЗМІ. Від 2001 – гол. ред. часопису «АVтограф» (Кременчук). Почав..."
6088,Елеон Надія Єфремівна,1951.0,"с. Явтухи Деражнян. р-ну Кам’янець-Поділ., нині Хмельн. обл.",живописець,"(10. 02. 1951, с. Явтухи Деражнян. р-ну Кам’янець-Поділ., нині Хмельн. обл.) – живописець, графік і педагог. Закін. Харків. худож.-пром. інститут (1987; викл. С. Бесєдін, В. Віхтинський, М. Шапошников)...."
6096,Емінов Рустем  Кязимович,1950.0,Ташкент,живописець і педагог,"(13. 04. 1950, Ташкент) – живописець і педагог. Син К. Емінова. Член СХ СРСР (1988), НСХУ (2005). Закін. Ташкент. пед. інститут (1973; викл. М. Банников, К. Емінов). Працював у ньому викл. каф. образотвор...."
6098,Емір Ельвіра  Аппазівна,1963.0,"м. Чімкент, Казахстан",композитор,"(16. 09. 1963, м. Чімкент, Казахстан) – композитор, педагог. Член НСКУ (1993). Премія ім. В. Косенка (2008). Закін. Ташкент. консерваторію (1989; кл. С. Джаліла). 1992–97 – викладач Бахчисарай. муз. школи (АР Крим),..."
6113,Ерл Хобарт,1960.0,Каракас,диригент,"(20. 12. 1960, Каракас) – диригент. Народний артист України (2013). Закінчив Лондонську консерваторію (1979; кл. кларнета А. Г’юма), Прінстонський університет (шт. Нью-Джерсі, США, 1983; кл. композиції, муз...."
6115,Ермінь Йожеф Франтішкович,1960.0,Ужгород,піаніст,"(09. 08. 1960, Ужгород) – піаніст, педагог. Народний артист України (2019). Премії ім. Л. Ревуцького (1993), ім. С. Людкевича (2003). Дипломант Всеукр. конкурсу піаністів ім. М. Лисенка (Київ, 1988). Закін. Львів...."
6116,Ернандес Хосе,1954.0,"м. Камаґуей, Куба",піаніст,"(19. 11. 1954, м. Камаґуей, Куба) – піаніст, музично-громадський діяч, педагог. Заслужений діяч мистецтв України (2003). Закін. Київську консерваторію (1989; кл. В. Сагайдачного). 1987–91 викладав у Київ...."
6123,Етенко Людмила Федорівна,1949.0,"м. Сталіно, нині Донецьк",живописець і графік,"(22. 11. 1949, м. Сталіно, нині Донецьк) – живописець і графік. Член НСХУ (1985). Закін. Львів. інститут прикладного та декоративного мистецтва (1974; викл. І. Боднар, Р. Сельський). Відтоді – учасниця..."
6129,Євдокимов Віктор  Олексійович,1951.0,"м. Сталіно, нині Донецьк",живописець і монументаліст,"(04. 10. 1951, м. Сталіно, нині Донецьк) – живописець і монументаліст. Член НСХУ (2000). Закін. Харків. худож.-пром. інститут (1988; викл. С. Бесєдін, Є. Єгоров). На творчій роботі. 2001–03 – директор Донец...."
6130,Євдокимов Сергій  Анатолійович,1949.0,"м. Харцизьк, нині Донец. обл.",скрипаль,"(22. 03. 1949, м. Харцизьк, нині Донец. обл.) – скрипаль, педагог. Доц. (2008). Закін. Львів. консерваторію (1973; кл. Д. Лекґера, Б. Каськіва) та асистентуру-стажування при Київ. консерваторії (1976; кер. Б...."
6133,Євдущенко Юрій  Палладійович,1947.0,с. Саксагань П’ятихат. р-ну Дніпроп. обл.,живописець,"(09. 05. 1947, с. Саксагань П’ятихат. р-ну Дніпроп. обл.) – живописець. Член НСХУ (1994). Закін. Дніпроп. художнє училище (1968; викл. В. Загубибатько). Працював на Дніпроп. худож. комбінаті (1972–94). На..."
6139,Євса Ірина  Олександрівна,1956.0,Харків,поетеса,"(15. 10. 1956, Харків) – поетеса, перекладач. Член НСПУ (1979). Навч. у Харків. університеті, закін. Літ. інститут у Москві (1981). Мешкає у Харкові, пише російською мовою. У її творах глибокий психологізм..."
6141,Євсевський Микола  Петрович,1928.0,"м. Пінськ, нині Білорусь",співак (баритон),"(06. 12. 1928, м. Пінськ, нині Білорусь) – співак (баритон), актор, журналіст, громадський діяч. Закін. Муз. школу в Мельбурні. Деякий час мешкав в Україні, де був актив. громад. діячем та профес...."
6143,Євсеєнко Олена  Георгіївна,1961.0,Київ,графік,"(29. 05. 1961, Київ) – графік. Член НСХУ (1995), НСЖУ (2004). Закін. Київський художній інститут (1986; викл. М. Степанов). Відтоді працювала в Інституті «Укрпроектреставрація» (Київ): ст. арх. Від 1994 – на..."
6145,Євстаф’єва Елла  Валентинівна,1966.0,Дніпропетровськ,живописець,"(21. 01. 1966, Дніпропетровськ) – живописець. Член НСХУ (1996). Закін. Харків. худож.-пром. інститут (1991; викл. В. Гонтарів, О. Хмельницький). Працювала художником-монументалістом на Дніпроп...."
6146,Євсюков Юрій  Степанович,1948.0,"Улан-Уде, Бурятія, РФ",актор,"(17. 01. 1948, Улан-Уде, Бурятія, РФ) – актор, педагог. Народний артист України (2017). Закін. Держ. інститут театр. мистецтва (Москва, 1989; викл. М. Захаров, А. Васильєв). Працював у Ворошиловгр. укр...."
6148,Євтушенко Віктор  Арсенійович,1962.0,м. Біла Церква Київ. обл.,письменник,"(17. 02. 1962, м. Біла Церква Київ. обл.) – письменник. Член НСПУ (2005). Лауреат 2-го Всеукр. конкурсу-фестивалю (1993) та 24–26-х Всеукр. фестивалів «Вишневі усмішки» (2004–06). Закін. Білоцерків. мед. училище..."
6150,Євтушенко Микола  Сергійович,1957.0,с. Литвиновичі Кролевец. р-ну Сум. обл.,живописець,"(21. 03. 1957, с. Литвиновичі Кролевец. р-ну Сум. обл.) – живописець. Член НСХУ (1995). 1-а премія «Осін. салону» (Львів, 2004). Закін. Київський художній інститут (1989; викл. Л. Вітковський, В. Гурін, О. Лопухов)...."
6151,Євтушенко Олег  Павлович,1937.0,Харків,скульптор,"(16. 01. 1937, Харків) – скульптор. Закін. Харків. худож.-пром. інститут (1964; викл. Б. Корольков, М. Рябінін). Відтоді працював у ньому асист.; від 1969 – викладач скульптури Харків. с.-г. інституту. Автор..."
6152,Євтушенко Олександр  Васильович,1953.0,м. Броди Львів. обл.,скульптор,"(23. 03. 1953, м. Броди Львів. обл.) – скульптор. Член НСХУ (1986). Закін. Львів. інститут прикладного та декоративного мистецтва (1981; майстерня Д. Крвавича). Відтоді працював у Рівнен. худож.-вироб...."
6153,Євтушенко Світлана  Володимирівна,1955.0,"м. Архангельськ, РФ",філософ і мистецтвознавець,"(04. 07. 1955, м. Архангельськ, РФ) – філософ і мистецтвознавець. Канд. мистецтвознавства (1992), д-р філос. н. (2004), професор (2006). Член НСХУ (1988). Закін. Моск. університет (1977). Працює у Харкові: у ХМ (1978–94):..."
6154,Євтушок Олександр  Володимирович,1960.0,с. Зоря Рівнен. р-ну Рівнен. обл.,живописець,"(07. 07. 1960, с. Зоря Рівнен. р-ну Рівнен. обл.) – живописець. Член НСХУ (1992). Закін. Крим. художнє училище (Сімферополь, 1986; викл. Л. Балкінд, Т. Диманова-Галинська). Учасник регіон., всеукр. і міжнар...."
6155,Євтушок Олександр  Володимирович,1975.0,с. Зоря Рівнен. р-ну Рівнен. обл.,прозаїк,"(28. 02. 1975, с. Зоря Рівнен. р-ну Рівнен. обл.) – прозаїк. Член НСПУ (2002). Закін. Рівнен. інститут культури (1998). Працював бібліотекарем. Автор роману «Рома та Дмитро Трироги» (Р., 2002), повісті «Пиво з..."
6156,Євтюхіна Олена  Олексіївна,1947.0,"м. Славута, нині Хмельницької обл.",майстриня художнього скла і скульпторка,"(06. 06. 1947, м. Славута, нині Хмельницької обл.) – майстриня художнього скла і скульпторка. Член НСХУ (1989). Закінчила Львівський інститут прикладно-декоративного мистецтва (1974; викл. Е. Мисько, А...."
6157,Євченко Іван  Петрович,1936.0,с. Вишнівка Генічес. р-ну Херсон. обл.,живописець,"(28. 01. 1936, с. Вишнівка Генічес. р-ну Херсон. обл.) – живописець. Член НСХУ (1967). Закін. Одес. художнє училище (1963; викл. Т. Єгорова, О. Лихоліт, Г.Павлюк і М. Павлюк).Працював 1960–95 на Запоріз...."
6158,Євшин Михайло  Амплійович,1949.0,Львів,художник театру,"(22. 11. 1949, Львів) – художник театру, графік, поет, актор. Дипломант конкурсів карикатури «Ура! Культура» (Москва) та Бієнале спорт. карикатури (м. Анкона, Італія; обидва – 1992). Закін. Львів...."
6160,Єгіазарян Борис  Завенович,1956.0,"с. Апаран, Вірменія",живописець,"(07. 08. 1956, с. Апаран, Вірменія) – живописець. Закін. Єреван. художнє училище (1977; викл. Г. Арутюн, Ф. Гаспарян), навч. у Ленінгр. вищому худож.-пром. училищі (нині С.-Петербург; 1978–79; викл. Лукін), Київ...."
6161,Єгізаров В’ячеслав  Фараонович,1940.0,"м. Ялта, нині АР Крим",поет,"(11. 12. 1940, м. Ялта, нині АР Крим) – поет. Член НСПУ (2003). Заслужений діяч мистецтв АР Крим (2005). Респ. літ. премії ім. А. Чехова (1998), ім. А. Домбровського (2005). Закін. Крим. пед. інститут (1966). Працював на..."
6165,Єгоров Віталій  Михайлович,1968.0,м. Корсунь-Шевченківський Черкас. обл.,актор,"(20. 12. 1968, м. Корсунь-Шевченківський Черкас. обл.) – актор. Заслужений артист РФ (2001). Закін. Дніпроп. театр. училище (1988), Школу-студію МХАТу (1994; курс О. Табакова, М. Лобанова). 1988 працював в Одес...."
6168,Єгоров Євген  Сергійович,1978.0,Харків,графік,"(17. 03. 1978, Харків) – графік. Син Сергія, онук Євгена Єгорових. Член НСХУ (2002). Закін. Харків. академію дизайну і мистецтв (2002; викл. В. Гонтаров, Й. Карась, О. Мартинець, М. Якунін). Голова молодіж...."
6169,Єгоров Олександр  Віталійович,1967.0,м. Кременчук Полтав. обл.,співак,"(16. 11. 1967, м. Кременчук Полтав. обл.) – співак, композитор. Лауреат міжнар. пісен. конкурсів: «Голос Азії» (Алма-Ата, нині Алмати, 1988), «Сходинка до Парнасу» (Москва, 1989), «Юрмала» (м. Юрмала,..."
6172,Єгоров Юрій  Павлович,1940.0,"Ленінград, нині С.-Петербург, РФ",архітектор,"(05. 03. 1940, Ленінград, нині С.-Петербург, РФ) – архітектор. Канд. архітектури (1979), професор (2003). Закін. Урал. філію Моск. архіт. інституту (1968; м. Свердловськ, нині Єкатеринбург, РФ). Відтоді..."
6173,Єгорова Ганна  Володимирівна,1957.0,Дніпропетровськ,живописець,"(14. 11. 1957, Дніпропетровськ) – живописець. Член НСХУ (1990). Закін. Київський художній інститут (1985; майстерня О. Лопухова). Працювала 1988–93 на Дніпроп. худож. вироб. комбінаті; 1994–98 – керівник..."
6174,Єгорова Марія  Павлівна,1910.0,,співачка (мецо-сопрано),"(12(25). 12. 1910, Харків – ?) – співачка (мецо-сопрано). Сестра В. Попової. Закін. Одес. нар. консерваторію (1927; кл. В. Діталь). Удосконалювала майстерність у В. Попової. Солістка Одес. (1930–32, 1944–58),..."
6175,Єгорова Світлана  Володимирівна,1963.0,"с. Великі Угони Курської обл., РФ",живописець,"(08. 03. 1963, с. Великі Угони Курської обл., РФ) – живописець. Закін. Курський (1986; викл. М. Власенко), Ленінгр. (нині С.-Петербург, 1989; викл. О. Євсєєв) пед. інститути. Від 1991 працює викл. в Одес. худож...."
6177,Єгупова Ельміра  Миколаївна,1936.0,"м. Кінешма Іванов. обл., РФ",архітектор,"(29. 08. 1936, м. Кінешма Іванов. обл., РФ) – архітектор. Член Академії архітектури СРСР та НСАУ (1987). Закін. Київ. інж.-буд. інститут (1966). Від 1955 працює в інституті «Гіпроцивільпромбуд» (Київ), пройшла..."
6179,Єдомаха Микола  Іванович,1940.0,"с-ще Лосинівка, нині смт Ніжин. р-ну Черніг. обл.",режисер,"(10. 05. 1940, с-ще Лосинівка, нині смт Ніжин. р-ну Черніг. обл.) – режисер, педагог. Заслужений артист України (2001). Закін. Київ. інститут театр. мистецтва (1963; викл. М. Карасьов). Відтоді працював у..."
6180,Єжов Дмитро Валентинович,1963.0,Київ,архітектор,"(06. 02. 1963, Київ) — архітектор. Син Валентина, брат Сергія Єжових. Кандидат архітектури (2008). Дійсний член Української академії архітектури (2008). Закінчив архітектурний факультет Київського..."
6192,Єлисеєв Ігор  Анатолійович,1966.0,Полтава,живописець,"(01. 03. 1966, Полтава) – живописець. Чоловік І. Єлисеєвої. Член НСХУ (1999). Закін. Укр. АМ (Київ, 1995; майстерня М. Стороженка). На творчій роботі. Від 2004 – у Київ. університеті технологій та дизайну: від..."
6193,Єлисеєва Ірина  Геннадіївна,1966.0,"м. Жданов, нині Маріуполь Донец. обл.",художниця декоративно-ужиткового мистецтва,"(30. 12. 1966, м. Жданов, нині Маріуполь Донец. обл.) – художниця декоративно-ужиткового мистецтва. Дружина І. Єлисеєва. Закін. Нац. академію образотвор. мистецтва і архітектури (Київ, 2000; викл. О...."
6194,Єлисоветій Михайло  Георгійович,1962.0,Чернівці,художник декоративного ткацтва,"(15. 04. 1962, Чернівці) – художник декоративного ткацтва. Член НСХУ (1993). Закін. Респ. середню художню школу ім. Т. Шевченка (Київ, 1981; викл. О. Музика). Працював 1986–90 у Чернів. вироб. майстернях Худож...."
6199,Єлізаров Олексій  Георгійович,1942.0,с. Магдалинівка Чаплин. р-ну Херсон. обл.,живописець,"(13. 08. 1942, с. Магдалинівка Чаплин. р-ну Херсон. обл.) – живописець. Член НСХУ (1992). Закін. Крим. художнє училище (Сімферополь, 1968; викл. В. Харабаріна, А. Шипов). 1969–75 працював на Херсон. худож...."
6200,Єлізєва Лідія  Володимирівна,1942.0,Харків,художниця декоративно-ужиткового мистецтва,"(01. 01. 1942, Харків) – художниця декоративно-ужиткового мистецтва, живописець і графік. Член НСХУ (1995). Закін. Харків. художнє училище (1964; викл. П. Шигимага). Працювала 1967–91 у Харків. торг.-пром...."
6201,Єлін Віктор  Юрійович,1927.0,"містечко Шпола Київ. губ., нині місто Черкас. обл.",мистецтвознавець,"(10. 06. 1927, містечко Шпола Київ. губ., нині місто Черкас. обл.) – мистецтвознавець, майстер писанкарства і педагог. Срібна медаль ВДНГ СРСР (1990). Член НСХУ (1999). Учасник 2-ї світової війни. Під час..."
6204,Єльчиць Наталія  Анатоліївна,1958.0,Київ,архітектор-реставратор,"(14. 10. 1958, Київ) – архітектор-реставратор. Державна премія України в галузі архітектури (2000). Закін. Київський художній інститут (1981; майстерня А. Добровольського). Відтоді працювала у Київ...."
6208,Ємельянов Лука  Мартиніанович,1883.0,,живописець і графік,"(18(30). 10. 1883, Київ – ?) – живописець і графік. Закін. Моск. училище живопису, скульптури та архітектури (1906), де отримав малі срібні медалі за малюнки з натури (1903, 1906) та звання неклас. художника...."
6214,Єнджийовська Ольга Миколаївна,1895.0,,співачка (драматичне сопрано),"(справж. – Попович; 22. 03(03. 04). 1895, Чернівці – ?) – співачка (драматичне сопрано). Закін. Віден. муз. академію (1932). Відтоді вела концертну діяльність на Буковині, зокрема була солісткою хор...."
6219,Єпіхіна Дарина Валеріївна,1975.0,Київ,живописець,"(25. 04. 1975, Київ) – живописець. Онука Є. Волобуєва та О. Яблонської. Член НСХУ (2008). Закін. Академію образотвор. мистецтва і архітектури (Київ, 2000; майстерня В. Гуріна). Працювала 2000–05 дизайнером..."
6220,Єраносян-Гороховська Людмила Вікторівна,1946.0,"м. Канськ Краснояр. краю, РФ",художник-монументаліст,"(09. 02. 1946, м. Канськ Краснояр. краю, РФ) – художник-монументаліст, живописець і графік. Член НСХУ (1980). Закін. Харків. худож.-пром. інститут (1974; викл. Б. Косарев). Працювала на Крим. худож.-вироб...."
6224,Єременко Віктор Григорович,1961.0,м. Валки Харків. обл.,графік і живописець,"(24. 05. 1961, м. Валки Харків. обл.) – графік і живописець. Член СХУ (1988–95). Дипломант всесоюз. та міжнар. мистецьких виставок і конкурсів. Закін. Харків. худож.-пром. інститут (1988; викл. В. Ігуменцев,..."
6225,Єременко Геннадій Васильович,1948.0,Кіровоград,скрипаль,"(13. 05. 1948, Кіровоград) – скрипаль, диригент, композитор, педагог. Син В. Єременка. Заслужений діяч мистецтв України (1999). Закін. Одес. консерваторію (1972; кл. скрипки Л. Лемберського) та..."
6228,Єременко Микола Михайлович,1927.0,"с. Коров’яковка, нині Курської обл., РФ",живописець і графік,"(14. 10. 1927, с. Коров’яковка, нині Курської обл., РФ) – живописець і графік. Член НСХУ (1971). Учасник 2-ї світової війни. Закін. студію декор.-ужитк. мистецтва при Будинку культури «Металіст» (Харків;..."
6232,Єремєєв Леонід Андрійович,1935.0,Київ,літературознавець,"(18. 11. 1935, Київ) – літературознавець. Кандидат філологічних наук (1974). Закін. Київський університет (1964). Працював у Інституті літ-ри НАНУ (Київ, 1968–99): від 1977 – старший науковий співробітник..."
6233,Єремєєва Ірина Юріївна,1962.0,Київ,живописець,"(14. 07. 1962, Київ) – живописець. Член НСХУ (2000). Закін. Київський художній інститут (1986; викл. В. Зарецький, Д. Лідер, С. Подерв’янський). На творчій роботі. Основні галузі – станк. і монум. живопис,..."
6234,Єресько Віктор Кіндратович,1942.0,"с. Святошине, нині у складі Києва",піаніст,"(06. 08. 1942, с. Святошине, нині у складі Києва) – піаніст. Лауреат Міжнар. конкурсу піаністів і скрипалів ім. М. Лонґ і Ж. Тібо (Париж, 1963, 1-а премія), Міжнар. конкурсу піаністів ім. П. Чайковського..."
6235,Єржиковський Олег Сергійович,1939.0,Київ,живописець,"(26. 03. 1939, Київ) – живописець. Син С. Єржиковського та Н. Котек. Член НСХУ (1971). 1-е м. за конкурс. проект «Монумент революції» у Києві (1966, співавт.). Закін. Київський художній інститут (1963; викл. В...."
6237,Єрко Владислав Едуардович,1962.0,Київ,графік,"(01. 07. 1962, Київ) – графік. 2-а премія Міжнародного конкурсу плаката (Москва, 1987). Член НСХУ (1988). Закінчив Київський поліграфічний інститут (1990; викл. Б. Валуєнко, О. Мікловда). Автор кіноплакатів..."
6238,Єрмаков Віктор Іванович,1940.0,с. Куньє Ізюм. р-ну Харків. обл.,письменник,"(14. 11. 1940, с. Куньє Ізюм. р-ну Харків. обл.) – письменник. Член СП РФ (1990). Закін. Харків. бібліот. інститут (1963), Моск. полігр. інститут (1972). Від 1966 – у Краснояр. книжк. видавництві (РФ): від 2003 – гол...."
6239,Єрмаков Віктор Іванович,1952.0,"с. Нововолодимирівка Джанкой. р-ну, нині АР Крим",дизайнер і живописець,"(02. 05. 1952, с. Нововолодимирівка Джанкой. р-ну, нині АР Крим) – дизайнер і живописець. Заслужений діяч мистецтв України (2009). Закін. Харків. худож.-пром. інститут (1977; викл. А. Алексєєнко, В...."
6242,Єрмаков Олександр Юрійович,1952.0,"м. Бєлгород, РФ",актор,"(29. 05. 1952, м. Бєлгород, РФ) – актор. Заслужений артист УРСР (1979), нар. арт. Росії (1999). Закін. Горьков. театр. училище (нині Нижній Новгород, РФ, 1972). Відтоді – актор Горьков. театру комедії, 1974–79 –..."
6243,Єрмаков Сергій Володимирович,1967.0,Київ,скульптор і графік,"(11. 04. 1967, Київ) – скульптор і графік. Син Володимира, чоловік Світлани Єрмакових. Член НСХУ (2000). Закін. Харків. художнє училище (1986; викл. В. Рябцев), Укр. АМ (Київ, 1996; викл. В. Бородай, І. Макогон, В...."
6244,Єрмакова Галина Олексіївна,1943.0,Москва,музикознавець,"(04. 11. 1943, Москва) – музикознавець, педагог. Доктор мистецтвознавства (1993), професор (1995). Закін. Київську консерваторію (1969; кл. Н. Герасимової-Персидської) та аспірантуру при ній (1973), де відтоді..."
6245,Єрмакова Людмила Захарівна,1940.0,Харків,композитор,"(12. 08. 1940, Харків) – композитор, співачка. Заслужений артист України (1998). Орден княгині Ольги 3-го (2005) та 2-го (2007) ступ. Під час евакуації з сім’єю з Харкова 1941 потрапила під бомбардування й була..."
6246,Єрмакова Наталія Петрівна,1947.0,Київ,театрознавець,"(07. 03. 1947, Київ) – театрознавець, театральний критик, педагог. Канд. мистецтвознавства (1985), доцент (2006). Закін. Київ. інститут театр. мистецтва (1969; викл. П. Тернюк, Д. Шлапак). 1970–2006 – співроб...."
6247,Єрмакова Світлана Олексіївна,1963.0,с. Малі Будища Зіньків. р-ну Полтав. обл.,живописець,"(20. 03. 1963, с. Малі Будища Зіньків. р-ну Полтав. обл.) – живописець, графік, художниця театру. Дружина С. Єрмакова. Член НСХУ (1994). Закін. Київський художній інститут (1992; викл. А. Кириченко, Д. Лідер)...."
6248,Єрменчук-Гручман Ганна Михайлівна,1969.0,с. Хмелівка Теребовлян. р-ну Терноп. обл.,художниця декоративного розпису,"(16. 06. 1969, с. Хмелівка Теребовлян. р-ну Терноп. обл.) – художниця декоративного розпису. Член НСХУ (2000), НСМНМУ (2006). Закін. Косів. технікум нар. худож. промислів (Івано-Фр. обл., 1989; викл. В. Бойчук),..."
6251,Єрмолаєв Василь Іванович,1949.0,с. Чорногородка Макарів. р-ну Київ. обл.,художник-проектант,"(03. 01. 1949, с. Чорногородка Макарів. р-ну Київ. обл.) – художник-проектант. Член НСХУ (2000). Закін. Київ. худож.-пром. технікум (1972; викл. Н. Богданович). Основна галузь – художнє оформлення..."
6256,Єрмоленко Павло Васильович,1951.0,Херсон,співак (баритон),"(04. 08. 1951, Херсон) – співак (баритон). Заслужений артист України (1993). За-
кін. Київ. консерваторію (1979; викл. М. Шевченко). Відтоді – соліст Театру муз. комедії, від 1985 – Театру опери та балету..."
6257,Єрмоленко Юрій Юрійович,1973.0,Київ,живописець,"(02. 10. 1973, Київ) – живописець. Закін. Академію образотвор. мистецтва і архітектури (Київ, 1998; викл. М. Гуйда, В. Шаталін). На творчій роботі. Засн. худож. арт-групи «Тераси» (2001). Учасник мистецьких..."
6260,Єрофалов Борис Леонідович,1960.0,"м. Новосибірськ, РФ",архітектор,"(16. 05. 1960, м. Новосибірськ, РФ) – архітектор, історик архітектури. Дійсний член Укр. академії архітектури (2007). Державна премія України у галузі архітектури (2006). Закін. архіт. факультет Київ...."
6262,Єрофєєва Ольга Юріївна,1953.0,Харків,художниця монументально-декоративного мистецтва,"(21. 03. 1953, Харків) – художниця монументально-декоративного мистецтва, живописець і графік. Дружина І. Моргунова. Заслужений художник України (2008). Член НСХУ (1982). Закін. Харків. худож.-пром...."
6263,Єрохіна Катерина Анатоліївна,1969.0,Київ,графік,"(27. 09. 1969, Київ) – графік. Член НСХУ (1994–2004). Закін. Укр. АМ (Київ, 1994; викл. М. Компанець, А. Чебикін). Працювала 1987–88 асист. художника по костюмах Київ. кіностудії ім. О. Довженка. Співпрацює з..."
6264,Єрошевський Микола Йосипович,1938.0,Київ,хоровий диригент,"(10. 12. 1938, Київ) – хоровий диригент, режисер, музично-громадський діяч, педагог. Заслужений діяч мистецтв України (1997). Закін. Київське музичне училище ім. Р. Ґлієра (1960; кл. А. Поляруша), Київ...."
6267,Єрошкіна Ілона Павлівна,1977.0,Одеса,композитор,"(06. 01. 1977, Одеса) – композитор, аранжувальник, естрадна співачка. Член НСКУ (2006). Закін. Одес. консерваторію (2000; кл. Г. Успенського). 1996–99 – композитор, аранжувальник та бек-вокалістка студії..."
6268,Єршов Володимир Олегович,1956.0,"м. Еберсвальде, Німеччина",літературознавець,"(21. 02. 1956, м. Еберсвальде, Німеччина) — літературознавець, полоніст, краєзнавець. Доктор філологічних наук (2010), професор (2010). Всеукраїнська премія імені І. Огієнка (2015). Закінчив Житомирські..."
6269,Єршов Віктор Олексійович,1948.0,"с. Шубине Кіров. р-ну Крим. обл., нині АР Крим",живописець,"(25. 06. 1948, с. Шубине Кіров. р-ну Крим. обл., нині АР Крим) – живописець. Член НСХУ (2005). Закін. Сімфероп. університет (1987), Моск. заоч. нар. університет мистецтв (2000; викл. Т. Карягіна). Працював..."
6270,Єршов Геннадій Олексійович,1967.0,Чернігів,скульптор,"(12. 07. 1967, Чернігів) – скульптор. Член НСХУ (1995), Спілки скульпторів Польщі (2007). Закін. Львів. інститут декор. та приклад. мистецтва (1991; майстерня Е. Миська), Укр. АМ (Київ, 1995; викл. В. Бородай, В...."
6275,Єршова Інна Володимирівна,1945.0,"с. Доброгорща, нині Хмельн. р-ну Хмельн. обл.",художниця декоративно-ужиткового мистецтва,"(05. 12. 1945, с. Доброгорща, нині Хмельн. р-ну Хмельн. обл.) – художниця декоративно-ужиткового мистецтва. Член НСХУ (1984), СХ РФ (1998). Закін. Львів. інститут прикладного та декоративного мистецтва..."
6276,Єрьомін Борис Олександрович,1948.0,"с. Уч-Терекськ побл. м. Джалал-Абад Ошської обл., Киргизстан",живописець,"(15. 10. 1948, с. Уч-Терекськ побл. м. Джалал-Абад Ошської обл., Киргизстан) – живописець. Заслужений художник України (2009). Член НСХУ (1980). Закін. Луган. художнє училище (1969; викл. Т. Капканець). На..."
6277,Єрьомка Микола Іванович,1956.0,"с-ще Степне Мар’їн. р-ну Сталін., нині Донец. обл.",живописець,"(17. 02. 1956, с-ще Степне Мар’їн. р-ну Сталін., нині Донец. обл.) – живописець. Член НСХУ (1992). Закін. Одес. пед. інститут (1978; викл. О. Лихоліт, Л. Любарська). Від 1980 – викладач дит. худож. школи у м...."
6279,Єсипенко Микола Романович,1959.0,Київ,скульптор,"(26. 01. 1959, Київ) – скульптор. Син Романа, онук Миколи Єсипенків, чоловік О. Ігнащенко. Член НСХУ (1987). Закін. Київський художній інститут (1984; викл. В. Борисенко, М. Вронський, І. Макогон, В. Чепелик)...."
6280,Єсипенко Роман Миколайович,1936.0,Одеса,мистецтвознавець,"(29. 01. 1936, Одеса) – мистецтвознавець, педагог. Син Миколи Гавриловича, батько Миколи Романовича  Єсипенків. Доктор історичних наук (1994), професор (1995). Закін. Київ. інститут театр. мистецтва (1958;..."
6282,Єсюнін Олексій Ілліч,1955.0,"м. Артемівськ Сталін., нині Донец. обл.",графік і живописець,"(25. 02. 1955, м. Артемівськ Сталін., нині Донец. обл.) – графік і живописець. Член НСХУ (1988). Закін. Харків. худож.-пром. інститут (1983; викл. С. Бесєдін, В. Куликов, В. Ненадо). Працював 1983–84 художником..."
6283,Єфанов Леонід Олександрович,1949.0,Сімферополь,прозаїк,"(21. 10. 1949, Сімферополь) – прозаїк. Член НСПУ (2003). Кандидат філософських наук (1984). Закін. Сімфероп. університет (1976), де й працює від 1979 (нині Таврій. університет): від 1988 – доцент кафедри політ...."
6284,Єфименко Аделіна Геліївна,1965.0,Запоріжжя,музикознавець,"(11. 02. 1965, Запоріжжя) – музикознавець. Канд. мистецтвознавства (1996). Член НСКУ (1998). Закін. істор.-теор. (1990; кл. Н. Швець) та фортепіан. (1991; кл. О. Осмоловської) факультети Львів. консерваторії. 1991–97..."
6286,Єфименко Віктор Костянтинович,1950.0,Львів,кінооператор,"(14. 03. 1950, Львів) – кінооператор. Член НСКінУ (1989). Закін. Київ. інститут культури (1976), ВДІК (Москва, 1988). Від 1974 працював на студії «Укркінохроніка», від 1997 – в Нац. раді України з питань..."
6293,Єфимов Володимир Георгійович,1947.0,"м. Новогрудок Гроднен. обл., Білорусь",художник кіно,"(26. 05. 1947, м. Новогрудок Гроднен. обл., Білорусь) – художник кіно. Член СХУ (1977–95), СКінУ (1978–95), СХ та СКін РФ (обидві – 1995). Закін. Чебоксар. художнє училище (РФ, 1966; викл. В. Гурін), ВДІК (Москва,..."
6298,Єфремов Петро Олександрович,1883.0,,літературознавець,"(псевд. і крипт.: П. Є., П. Е., П. Є. Т-ро, Тромов, В. Юноша; 08(20). 10. 1883, с. Пальчик Звенигород. пов. Київ. губ., нині Катеринопіл. р-ну Черкас. обл. – ?) – літературознавець. Брат Сергія та Федора..."
6301,Єфремов Валентин Кіндратович,1937.0,смт Семенівка Полтав. обл.,хоровий диригент,"(12. 10. 1937, смт Семенівка Полтав. обл.) – хоровий диригент, педагог. Заслужений артист УРСР (1978). Закін. Полтав. муз. училище (1959; викл. А. Римський, Є. Негрієнко). Відтоді – хормейстер Полтав...."
6302,Єфремов Володимир Іванович,1953.0,м. Новоселиця Чернів. обл.,композитор,"(11. 04. 1953, м. Новоселиця Чернів. обл.) – композитор, піаніст. Зарубіж. чл. НСКУ. Закін. Київську консерваторію (1987; кл. фортепіано О. Александрова, композиції – Л. Колодуба). Від 1975 – піаніст Київ...."
6303,Єфремов Євген Васильович,1950.0,"м. Благовєщенськ, РФ",музикознавець,"(03. 02. 1950, м. Благовєщенськ, РФ) – музикознавець. Канд. мистецтвознавства (1989). Закін. Київську консерваторію (1975; кл. В. Москаленка). Працював викл. Київ. муз. училища ім. Р. Ґлієра (1974–78), Київ...."
6305,Єфремова Леніна Петрівна,1924.0,Київ,музикознавець,"(13. 01. 1924, Київ) – музикознавець, педагог. Канд. мистецтвознавства (1962), доцент (1964). Член НСКУ (1960). Премія у галузі літ.-худож. критики (1976). Державні нагороди СРСР. Закін. Київську консерваторію..."
6306,Єшкілєв Володимир Львович,1965.0,Івано-Франківськ,письменник,"(23. 05. 1965, Івано-Франківськ) – письменник. Член АУП (1997). Закін. Івано-Фр. пед. інститут (1988). Від 1992 працює у Зх.-укр. екон.-правн. університеті (Івано-Франківськ). Видавав ж. «Плерома» (1996–2001); від..."
6308,Єщенко Наталія Олександрівна,1926.0,Харків,піаністка,"(20. 03. 1926, Харків) – піаністка, педагог. Дочка Олександра, сестра Марії Єщенків. Професор (1981). Заслужений діяч мистецтв УРСР (1979). Учасниця 2-ї світової війни. Закін. Харків. консерваторію (1947; кл...."
6312,Жабінська Євгенія Миколаївна,1966.0,"м. Більськ Підляський Підляс. воєводства, Польща",поетеса,"(25. 06. 1966, м. Більськ Підляський Підляс. воєводства, Польща) – поетеса. Дружина Ю. Гаврилюка. Член НСПУ (2002). Закін. біол. факультет Університету М. Кюрі-Склодовської (м. Люблін, 1989) та матем...."
6313,Жаборюк Анатолій Андрійович,1924.0,"с. Новомиколаївка Янів. р-ну, нині Конопляне Іванів. р-ну Одес. обл.",мистецтвознавець і літературознавець,"(01. 05. 1924, с. Новомиколаївка Янів. р-ну, нині Конопляне Іванів. р-ну Одес. обл.) – мистецтвознавець і літературознавець. Батько О. Жаборюк. Кандидат філологічних наук (1955), професор (1993). Учасник..."
6316,Жадан Сергій Вікторович,1974.0,"м. Старобільськ, нині Луганської обл.",письменник,"(23. 08. 1974, м. Старобільськ, нині Луганської обл.) – письменник, перекладач. Член АУП (1996; від 2000 – віце-президент). Кандидат філологічних наук (2000). Закінчив Харківський педагогічний університет..."
6318,Жадько Віктор Олексійович,1952.0,"с. Іваньки, нині Маньків. р-ну Черкас. обл.",письменник,"(16. 02. 1952, с. Іваньки, нині Маньків. р-ну Черкас. обл.) – письменник, публіцист. Доктор філософських наук (2008), професор (2009). Член НСПУ (2002). Обл. літ. премії ім. М. Аркаса (2002) та ім. І. Огієнка (2007),..."
6319,Жадько Вікторія Анатоліївна,1967.0,Київ,диригент,"(23. 08. 1967, Київ) – диригент, гітаристка, педагог. Заслужений артист УРСР (1994). Лауреатка міжнар. конкурсів диригентів: ім. С. Прокоф’єва (С.-Петербург, 1993), ім. Ґ. Фітельберґа (м. Катовіце, Польща,..."
6320,Жажкова Валентина Григорівна,1921.0,"м. Охтирка, нині Сум. обл.",живописець,"(17. 02. 1921, м. Охтирка, нині Сум. обл.) – живописець. Член НСМНМУ (1997). Лауреатка 2-го всесоюз. фестивалю нар. творчості (1987). Обл. премія ім. М. Аркаса (1995). Мистецтву навч. самотужки. Закін. Вищі курси..."
6321,Жайворон Михайло Микитович,1953.0,"с. Кочичине Ємільчинського, нині Звягельського р-ну Житомирської обл.",письменник,"(01. 09. 1953, с. Кочичине Ємільчинського, нині Звягельського р-ну Житомирської обл.) — письменник, критик, журналіст. Член НСПУ (2019), НСЖУ (1989). Премії імені М. Клименка (2010), імені В. Юхимовича (2020),..."
6322,Жайворонок Борис Григорович,1938.0,Полтава,співак (баритон),"(25. 05. 1938, Полтава) – співак (баритон). Заслужений артист УРСР (1972), нар. арт. РФ (2002). Закін. Харків. консерваторію (1964; кл. П. Голубєва). Відтоді – соліст Харків. театру опери і балету ім. М. Лисенка,..."
